id,Titel,Body,Kategorie,Datum,Quelle
289,Morgen in PamS: Der Brandstifter ‚Äì Darum will Biden seine Wahlniederlage weiterhin nicht eingestehen,"Au√üerdem in dieser Ausgabe:Leiden Sie unter Dornwarzen? Nein? Okay, dann hat sich das ja erledigt
  - Seite 24PamS-Chefredakteur im gro√üen Chio-Chips-Talk: Darum ist Product Placement in Printmagazinen nicht verwerflich
  - Seite 31Ratgeber: Die 17 intelligentesten Hunderassen, die trotzdem nicht mal den Hauptschulabschluss schaffen - Seite
  80Fotos: ",PamS,2020-11-21 03:04:13,Postillon
290,F√ºr dicke Kinder: Adventskalender jetzt auch mit Gem√ºsef√ºllung,"Villeneuve-d‚ÄôAscq (Archiv) - Die Vorfreude steigt: P√ºnktlich zur Weihnachtszeit bringt die franz√∂sische Firma Bonduelle einen Adventskalender ohne s√º√üe Dickmacher auf den Markt. Stattdessen verbergen sich hinter den T√ºrchen knackige Gem√ºsest√ºckchen, darunter Karotten, Erbsen, Linsen sowie eine gro√üe gr√ºne √úberraschung hinter T√ºr 24. Der Gem√ºsekalender richtet sich speziell an die Eltern √ºbergewichtiger Kinder, die ihre Spr√∂sslinge gesund durch die Adventszeit bringen wollen.
""Unsere Tests haben ergeben, dass sich Kinder √ºber den Gem√ºse-Adventskalender genauso freuen wie √ºber einen herk√∂mmlichen"", erkl√§rt Unternehmenssprecher Michel Lacoeur. ""Zugegeben: Nachdem sie die ersten T√ºrchen ge√∂ffnet haben, l√§sst die Euphorie beim einen oder anderen Kind ein klein wenig nach, aber daf√ºr ist der Inhalt so richtig gesund!""
Und abwechslungsreich: Hinter T√ºr 1 wartet eine Mini-Karotte, hinter T√ºr 2 leckerer Broccoli. Hinter T√ºr 3 befindet sich ein St√ºck Kohlrabi, hinter T√ºr 4 verbirgt sich ein St√ºck Paprika. Mehr will der Hersteller noch nicht verraten. ""Aber wer wei√ü"", sagt Unternehmenssprecher Michel Lacoeur mit einem Augenzwinkern. ""Vielleicht finden die kleinen Schleckerm√§uler hinter Tor 24 zur Feier des Tages ja sogar ein St√ºck Obst.""
Der neue Kalender hat offenbar das Zeug zum echten Weihnachts-Hit: Viele Testkinder fanden den Inhalt der T√ºren ""so toll"", dass sie ihn lieber ins Regal stellten, als ihn direkt wegzunaschen ‚Äì als Erinnerung an ihr ""super Geschenk"".
swo, ssi; Foto: /; Erstver√∂ffentlichung: 16.11.17",Ern√§hrung,2020-11-21 00:58:30,Postillon
291,Gl√ºck muss man haben: Rentner hat F√ºhrerschein im Lotto gewonnen,"Stuttgart (Archiv) - F√ºr Fr√ºhrentner Peter Heinzig ist ein Traum in Erf√ºllung gegangen: Nachdem der 63-J√§hrige aus Hemmingen in der N√§he von Stuttgart bereits seit Jahrzehnten erfolglos versucht hatte, die F√ºhrerscheinpr√ºfung zu bestehen, hat er seine hei√üersehnte Fahrerlaubnis nun √ºberraschend im Lotto gewonnen. Als er von seinem Lotto-Gewinn erfuhr, konnte Heinzig sein Gl√ºck zun√§chst nicht fassen: ""Ich habe in meinem ganzen Leben noch nie was gewonnen! Irre!"", so der 63-J√§hrige. Er habe sich sofort von einem Bekannten zur Lotto-Annahmestelle fahren lassen, um den F√ºhrerschein und sein neues 27-teiliges Besteckset aus Edelstahl abzuholen. Auf dem Heimweg sa√ü Peter Heinzig bereits selbst am Steuer.Heinzig: ""Ich wollte meinen Traum schon aufgeben, weil ich wegen meines Grauen Stars kaum noch sehen kann.""Dass dem Fr√ºhrentner nach wie vor Grundlagen wie das korrekte Schalten, der Schulterblick beim Spurwechsel oder das Einparken Schwierigkeiten bereiten, tr√ºbt seine Freude kaum.
Bei seinen regelm√§√üigen Spritztouren seit dem Lottogewinn wundert sich Heinzig regelm√§√üig, wie viele andere Verkehrsteilnehmer von seinem Gl√ºck erfahren haben: ""Immer wenn ich an so umgekehrten Dreiecksschildern vorbeifahre, bremsen alle rechts und links von mir und rufen mir wild gestikulierend zu. Woher die wohl wissen, wie ich zu meinem F√ºhrerschein gekommen bin? Muss wohl in der Zeitung gestanden haben."" 
Experten sehen die Verlosung von F√ºhrerscheinen nach wie vor kritisch. ""Nat√ºrlich ist ein F√ºhrerschein ein attraktiver Sachgewinn. Meist ist es aber so, dass Fahranf√§nger, die ihren Schein im Lotto gewonnen haben, andere Verkehrsteilnehmer durch ihr unge√ºbtes Verhalten beeintr√§chtigen oder gar gef√§hrden"", erkl√§rt etwa Verkehrswissenschaftler Martin Neustadt von der TU Dresden. Er r√§t F√ºhrerschein-Lottogewinnern daher, ihre Warnblinkanlage in den ersten Monaten st√§ndig eingeschaltet zu lassen und Kurvenfahrten mit einem zus√§tzlichen Hupen anzuk√ºndigen.
nte, dan, ssi; Idee: nte; Fotos: ¬© Peter Maszlen - Fotolia.com; Erstver√∂ffentlichung: 11.11.14",Panorama,2020-11-21 01:12:31,Postillon
292,Leserbriefe der Woche (KW 47/20),"Jede Woche erreichen die Postillon-Redaktion zahlreiche Leserbriefe. An dieser Stelle pr√§sentieren wir mehr oder weniger regelm√§√üig eine kleine
  Auswahl.Leserbriefe zu ""Neue Corona-Verf√ºgung: WhatsApp-Gruppen ab sofort auf maximal 5 Teilnehmer begrenzt"": √Ñh.... Ja!Fanpost zu unserem Video ""Endlich saubere Stra√üen: Umweltministerium plant 20 Cent Pfand auf Kaugummi"":Au√üer Tiernahrung!
Unsere Meldung ""Regierung beruhigt Impfgegner: ""Notfalls verteilen wir den Impfstoff per Chemtrails"""" erfreut sich gro√üer Beliebtheit in Querdenker- und Verschw√∂rerkreisen: Reaktionen auf ""Nach illegaler Matrix-Party: Potsdamer Gesundheitsamt schickt besten Ermittler los"": Leserbriefe zu """"Ich will nicht mehr in dieser Diktatur leben!"": Immer mehr Corona-Demonstranten wandern nach Nordkorea aus"": Pff... FFF ist uns doch viel zu rechts. Wir stellen ausschlie√ülich Mitglieder der Kommunistischen Partei Deutschland ein.üëãüëãüëãSind wir jetzt Kommunisten oder Kapitalisten? Sie m√ºssen sich schon entscheiden.Ah, doch Kommunisten. Lieber Peter, wir m√∂chten allerdings darauf hinweisen, dass wir schon immer eine linke Schmierenseite waren. Das sind unsere Roots. Ist Merkel jetzt Kommunistin oder Faschistin? Sie m√ºssen sich schon entscheiden.Feedback zu ""Sonntagsfrage: Was sagen Sie dazu, dass Donald Trump seine Niederlage nicht akzeptiert?"": Fanpost zu ""Berlin testet ersten Corona-Impfstoff, der √ºber Wasserwerfer verabreicht wird"": Meinen Sie jetzt die Bewegung Querdenken, deren Anf√ºhrer das Grundgesetz abschaffen will, oder die Reichsb√ºrger, die das Grundgesetz nicht anerkennen, oder die Nazis, die das Grundgesetz eh hassen?Sie wissen schon, dass wir jetzt alle in einer Diktatur leben und Sie wegen dieser Aussage gleich abgeholt werden?
Und zuletzt noch dieser Leserbrief, der uns pers√∂nlich sehr getroffen hat: ",Leserbriefe,2020-11-21 02:13:47,Postillon
293,Weil niemand da hinwill: TomTom l√∂scht Saarland aus Navigationsger√§ten [Video],"Das hat eh nur unn√∂tig Speicherplatz verbraucht. Mehr im Video.Ausf√ºhrlicher Bericht: Weil niemand da hinwill: TomTom l√∂scht Saarland aus Navigationsger√§ten
Video auf YouTube: Weil niemand da hinwill: TomTom l√∂scht Saarland aus Navigationsger√§ten
Kanalabo: Postillon24Mehr aktuelle Videos: ",Verkehr,2020-11-20 11:08:47,Postillon
294,"Vorbild Maskenverweigerer: 8 weitere Vorschriften, von denen Sie sich per Fake-Attest befreien lassen k√∂nnen","
Wer im √∂ffentlichen Nahverkehr oder im Einzelhandel arbeitet, hatte sicher schon einmal mit ihnen zu tun: Maskenverweigerer, die Atteste vorzeigen, um zu beweisen, dass sie von der Maskenpflicht befreit sind. Doch wussten Sie, dass Fake-Atteste auch in vielen anderen Lebenslagen hilfreich sind, um nervige Vorschriften zu umgehen? Hier sind 8 weitere Vorschriften, von denen Sie sich befreien lassen k√∂nnen:1. Rechts vor Links im Stra√üenverkehrMit einem passenden Attest k√∂nnen Sie sich ganz einfach von einer der unterdr√ºckerischsten Regeln im Stra√üenverkehr befreien lassen. Wedeln Sie einfach mit dem entsprechenden Zettel, w√§hrend Sie anderen Fahrern die Vorfahrt nehmen. 2. TischmanierenSie haben keinen Bock mehr darauf, sich an l√§stige Benimmregeln zu halten oder gar Tischmanieren an den Tag zu legen? Ein fettverschmiertes Attest, das Ihnen erlaubt, sich in allen Lebenslagen wie Sau zu benehmen, hilft Ihnen hier weiter.3. Badebekleidungspflicht im SchwimmbadBadehosen, Badeanzug, Bikini & Co. engen den Tr√§ger nur unn√∂tig ein. Ein Fake-Attest, das besagt, dass sie aus medizinischen Gr√ºnden (z.B. Textilallergie, Kleidungsphobie, Minigem√§cht, das eh keiner sieht) stets nackt bleiben m√ºssen, schafft hier Abhilfe. Aber Achtung! Sie m√ºssen das Attest immer mit sich f√ºhren. Stecken Sie es sich am besten einfach in die Hosenta‚Ä¶ Oh.4. Verbot von Mord durch ¬ß 211 StGB""Wo waren Sie gestern zwischen 2:35 und 4:10 Uhr?"" - ""Ach, da habe ich Heinz ermordet."" - ""Sie gestehen also! Hiermit klage ich Sie des Mordes..""  - ""HALT! Ich habe ein Attest, laut dem ich wegen meines Asthmas jederzeit Leute ermorden darf."" - ""Verdammt! Wieder geht uns einer durch die Lappen!""5. Zahlung von 50 Cent auf Sanifair-ToilettenSie m√∂chten an einer Autobahnrastst√§tte oder in einem Bahnhof auf die Toilette, aber wollen den dreisten Eintrittspreis nicht zahlen? Der Schl√ºssel zum Erfolg: Einfach der anwesenden Reinigungskraft das Attest vorzeigen und drohen, auf den Boden zu kacken, wenn man Sie nicht hineinl√§sst. Nachteil: Das Attest l√§sst sich nicht in der Tankstelle als 50-Cent-Gutschein einl√∂sen.6. Gesetz der SchwerkraftDas Gesetz der Schwerkraft ist reine Willk√ºr und hindert freie B√ºrger daran, die Leichtigkeit des Seins zu genie√üen. Holen Sie sich noch heute ein Attest vom Physiker Ihres Vertrauens, das besagt, dass Sie sich nicht daran halten m√ºssen. Guten Flug!7. Mindestgr√∂√üe beim AchterbahnfahrenSie k√∂nnen bequem unter der Messlatte mit der Aufschrift ""So gro√ü musst du mindestens sein"" durchspazieren? Kein Problem: Ein Attest, das Ihnen 1,98 Meter innere Gr√∂√üe bescheinigt, erm√∂glicht Ihnen eine wilde Fahrt, bei der Sie im Falle, dass Sie mangels K√∂rpergr√∂√üe aus dem Sitz katapultiert werden sollten, immer noch schnell Ihr Schwerkraft-Attest z√ºcken k√∂nnen.8. Lebenserhaltende Ma√ünahmen bei Corona-ErkrankungKeinen Bock darauf, im Falle einer schweren Corona-Erkrankung beatmet und am Leben gehalten zu werden? Ein Attest, das bescheinigt, dass Sie als Corona-Leugner derartigen Firlefanz nicht n√∂tig haben, sorgt daf√ºr, dass diese Quacksalber Sie in Ruhe sterben lassen. Seltsamerweise werden derartige Atteste deutlich seltener beantragt als solche zur Maskenbefreiung.
dan, ssi; Fotos: ",Corona,2020-11-20 08:39:54,Postillon
295,"Abgeordnete nach St√∂raktion im Bundestag emp√∂rt: ""Druck auf Politiker geh√∂rt nur durch Lobbyisten ausge√ºbt""","
Berlin (dpo) - Nachdem am Samstag G√§ste der AfD-Fraktion im Bundestag Politiker bel√§stigten und beschimpften, ist die Emp√∂rung unter den Parlamentariern gro√ü. Nun stellten ranghohe Politiker in einer gemeinsamen Erkl√§rung klar: Druck auf Politiker geh√∂rt nur durch Lobbyisten ausge√ºbt, wie in einer parlamentarischen Demokratie vorgesehen.""Es darf nicht sein, dass sich Bundestagsabgeordnete bei der Stimmabgabe von eingeschleusten Provokateuren beleidigen oder bedrohen lassen m√ºssen"", erkl√§rte Bundestagspr√§sident Wolfgang Sch√§uble (CDU) in einer Aktuellen Stunde zu den Vorf√§llen. ""Die einzigen, die Politiker in ihrem Abstimmungsverhalten beeinflussen d√ºrfen, sollten auch weiterhin Lobbyisten von Unternehmen und Wirtschaftsverb√§nden sein, wie es seit jeher Tradition ist.""
Diese seien wenigstens jederzeit freundlich, spendabel und w√ºssten, wie man sich benimmt, weshalb 778 von ihnen nicht einmal eine Einladung ben√∂tigen, sondern direkt √ºber einen Hausausweis des Deutschen Bundestags verf√ºgen. Zu den Lobbyisten, die jederzeit im Bundestag ein- und ausgehen d√ºrfen, geh√∂ren unter anderem der Bundesverband deutscher Banken, der Deutsche Zigarettenverband, Vertreter der Waffenindustrie und der Mineral√∂lwirtschaftsverband.
Abschlie√üend wandte sich Sch√§uble, dessen Partei ein transparentes Lobbyregister seit Jahren blockiert, pers√∂nlich an die St√∂rer vom Samstag: ""Wenn Ihnen in unserer Demokratie etwas nicht passt, dann gr√ºnden Sie gef√§lligst einen Wirtschaftsverband und bedrohen uns anschlie√üend mit schweren wirtschaftlichen Folgen oder schlechter Presse, wie es sich geh√∂rt.""
ssi, dan; Foto: picture alliance",AfD,2020-11-20 04:01:36,Postillon
296,Newsticker (1576),"
+++ Volttreffer: Handwerker bohrt zielsicher Stromleitung an +++
+++ Bild mit Kamala aufgenommen: Chinese fotografiert Harris +++
+++ Kardinalfehler: Vatikandiener verwechselt schwarzen und wei√üen Rauch +++
+++ A Meis'n: Bayer kann Insekten von V√∂geln nicht unterscheiden +++
+++ Die Luft ist raus: Furzwettbewerb zum Ende hin ziemlich langweilig +++
+++ Sexy Linda: Hei√üe Kfz-Mechanikerin baut Motor aus +++
+++ Haben bisher nur einen Trailer gedreht: Filmstudenten zeigen, wie sie Wohnanh√§nger von Filmstar wenden +++
sum, frcx, wso, ca8, loc, p2k/s0l, mctJetzt bestellen! Die besten Newsticker als Buch (nur 9,99‚Ç¨):¬†Postillon-Shop",Newsticker,2020-11-20 00:30:01,Postillon
297,Internet in Mecklenburg-Vorpommern wird von schwarz-wei√ü auf Farbe geschaltet,"Schwerin (dpo) - Der Netzausbau in Deutschland schreitet weiter voran. Als letztes Bundesland stellt nun auch Mecklenburg-Vorpommern das Internet von Schwarz-Wei√ü auf Farbe um. Die Vorfreude auf die Umstellung, die am 1. Dezember 2020 um 0 Uhr erfolgen soll, ist bereits riesig.""Wir freuen uns, dass wir im Rahmen unserer Digitaloffensive endlich diesen historischen Schritt vollziehen k√∂nnen"", freut sich Landesverkehrsminister Christian Pegel (SPD). ""Damit beginnt f√ºr die Menschen in Mecklenburg-Vorpommern eine neue √Ñra!""So sieht das Landesportal mecklenburg-vorpommern.de vor (links) und nach (rechts) der Umstellung aus.Internetnutzer selbst m√ºssen nicht aktiv werden, da die Umstellung von Schwarz-Wei√ü auf Farbe zentral vom Landesknotenpunkt in Schwerin gesteuert wird. ""Wichtig ist eigentlich nur, dass die Webseite, auf der man gerade surft, bunt ist"", so Pegel. ""Und dass das genutzte Ger√§t auch ein Farbger√§t ist.""
Dies lasse sich am einfachsten durch einen Blick auf die Typbezeichnung des Notebooks, Smartphones oder Monitors herausfinden. ""Endet die Typbezeichnung auf C, so handelt es sich um ein Farbger√§t. Endet sie auf BW, so nutzen Sie offenbar noch ein Schwarz-Wei√ü-Ger√§t. Aber keine Sorge! Farbinternet kann auch mit Schwarz-Wei√ü-Ger√§ten empfangen werden. Die Farben werden dann einfach weiterhin als Grauwerte ausgegeben.""
Die Umstellung auf Farbe freut vor allem Netflix-Nutzer, die ihre Lieblingsfilme nun endlich in voller Pracht genie√üen k√∂nnen. Doch auch Online-Gamer und Pornokonsumenten lobten den Schritt.
Mit der Umstellung auf das Farbinternet ist Mecklenburg-Vorpommern im bundesweiten Vergleich nicht zum ersten Mal sp√§t dran: Erst f√ºnf Jahre ist es her, dass das ostdeutsche Bundesland zum 1. Dezember 2015 fl√§chendeckend von Stumm- auf Toninternet umschaltete.
jki, ssi, dan; Foto: ",Internet,2020-11-19 08:20:09,Postillon
298,Endlich ein Lichtblick! Superreiche leiden kaum unter Corona-Pandemie,"
Hamburg, M√ºnchen, D√ºsseldorf (dpo) - Die Corona-Pandemie hat Deutschland immer noch fest in ihrem Griff. Doch es ist nicht alles schlecht: Wie eine Erhebung des Statistischen Bundesamtes ergab, verzeichnen die Superreichen des Landes trotz der widrigen Umst√§nde kaum Einbu√üen in ihrer Lebensqualit√§t.""Das ist nat√ºrlich Grund zur Freude, dass eben nicht alle leiden m√ºssen"", so Gesellschaftsforscher Frederik Bertold. ""Die reichsten ein Prozent kommen astrein durch die Krise. Um die m√ºssen wir uns also keine Sorgen machen. Die St√§rksten in unserer Gesellschaft werden nicht zur√ºckgelassen.""
Tats√§chlich kommen Reiche erstaunlich gut mit den neuen Umst√§nden klar: Ausgangsbeschr√§nkungen oder Quarant√§ne sind deutlich ertr√§glicher, wenn man gro√üe H√§user mit noch gr√∂√üeren G√§rten besitzt. Fernreisen sind ebenfalls m√∂glich, wenn man bereit ist, auch kurzfristig zu buchen, sobald die Infektionszahlen f√ºr einige Zeit stabil sind. Oder man hat gleich einen Zweitwohnsitz auf Teneriffa.Boteng√§nge und Heimunterricht lassen sich mit Hilfe von Bediensteten bewerkstelligen.
Im Zweifel k√∂nnen Superreiche auch einfach gegen die Auflagen versto√üen. ""Die juckt es zum Gl√ºck nicht, wenn sie mal 100 Euro Bu√ügeld zahlen m√ºssen, weil sie keine Maske tragen oder eine kleine Party feiern. Das ist doch sch√∂n.""Auch finanziell leiden Deutschlands Superreiche nicht wie viele ihrer Mitb√ºrger, die sich in Kurzarbeit befinden, von Schlie√üungen betroffen sind oder um ihren Job bangen. ""Krisen bedeuten auch immer gro√üe Kursbewegungen an den Aktienm√§rkten. Wer jetzt clever investiert, profitiert sogar"", so Bertold. ""Und da niemals eine Regierung auf die Idee k√§me, die sozialen Verwerfungen der Corona-Pandemie durch eine Verm√∂gens- oder sonstwie geartete Reichensteuer zu kompensieren, wird sich das auch niemals √§ndern.""
An dieser Stelle kritisiert ein Postillon-Redakteur die fehlende Satire des vorliegenden Artikels: ""Das ist doch einfach nur sechs Abs√§tze lang die Wahrheit und total humorlos. Das k√∂nnen wir nicht bringen."" Daraufhin entgegnet der Chefredakteur: ""Aber dann h√§tten wir endlich mal wieder was Sozialkritisches! Hmmm‚Ä¶ Wie w√§r's, wenn wir ans Ende einfach einen selbstreferenziellen Absatz genau dar√ºber dranh√§ngen, um das Ganze noch irgendwie humoristisch zu brechen? Vielleicht noch mit ein paar doofen Running Gags am Ende?"" ‚Äì ""Genial, Chef! Z√∂glfrex Timmy (9) Gulasch."" 
ssi, dan; Foto: ",Armut,2020-11-19 04:27:29,Postillon
299,ProSieben unterbricht Werbeblock durch Spielfilm,"
Unterf√∂hring (dpo) - Mensch, war doch grade so interessant! Ein Ehepaar aus Unterf√∂hring √§rgerte sich gestern Abend, als der sch√∂ne Werbeblock, den sie gerade im Fernsehen ansahen, pl√∂tzlich durch einen l√§stigen Spielfilm unterbrochen wurde.""Menno! Schon wieder Spielfilm"", beschwerte sich Manuel Friedrich. ""Ich wollte doch gerade noch erfahren, was ich alles kaufen soll."" 
So wie den beiden Unterf√∂hringern ging es offenbar vielen ProSieben-Zuschauern: Auf Twitter entbrannte ein regelrechter Shitstorm. Zahlreiche Menschen k√ºndigten an, zu RTL zu wechseln.
Bei ProSieben kann man den √Ñrger verstehen, will aber nichts am grundlegenden Konzept √§ndern. ""Klar, wir w√ºrden am liebsten auch den ganzen Tag nur Werbung ausstrahlen, aber wenn wir nicht ab und zu kurz einen paarmin√ºtigen Spielfilm-Block einstreuen, verlieren wir unsere Sendelizenz als Vollprogramm"", erkl√§rte ein Sprecher. ""Andere Privatsender machen das genauso.""
Doch nicht alle f√ºhlen sich durch die eingeschobenen Spielfilme gest√∂rt. ""Da kann man wenigstens mal in Ruhe pinkeln gehen, ohne was zu verpassen"", erkl√§rt etwa Judith Raupach aus M√ºnchen, die jeden Abend einschaltet. ""Oder man zappt ein bisschen rum, ob woanders noch eine gute Werbung kommt.""
fed, dan, ssi; Foto: ",Pro7,2020-11-18 07:22:45,Postillon
300,"Berlin testet ersten Corona-Impfstoff, der √ºber Wasserwerfer verabreicht wird","Berlin (dpo) - L√§sst sich so das Coronavirus fl√§chendeckend besiegen? In einem neuen Pilotprojekt setzt das Land Berlin heute erstmals einen neuartigen Corona-Impfstoff ein, der √ºber Wasserwerfer verabreicht wird. ""Das ganze ist nat√ºrlich noch experimentell"", erkl√§rte ein Sprecher des Berliner Gesundheitsamts, das mehrere Wasserwerfer mit dem neuen Impfstoff auf Basis der Chemikalie Dihydrogenmonoxid bef√ºllen lie√ü. ""Aber heute haben wir mit den Querdenkern eine sehr gute Testgruppe von Menschen anwesend, denen wir die Vakzine verabreichen k√∂nnen. Gerade weil sie sich nicht an die Regeln halten, ist es hilfreich, wenn sie als erstes eine Herdenimmunit√§t ausbilden."" 
Zuvor hatten sich bereits zahlreiche Beobachter gewundert, warum die Polizei mit den Wasserwerfern lediglich √ºber die Demonstranten hinwegspritzte, anstatt wie sonst √ºblich voll in die Menge zu halten. ""Das ist nat√ºrlich, damit das sich gut auf alle verteilt"", stellte der Sprecher klar.
Die Anf√ºhrer der Bewegung Querdenken kritisierten das Verspr√ºhen des Impfstoffs scharf und riefen alle in Berlin demonstrierenden Anh√§nger dazu auf, sich mit Masken gegen die herumfliegenden Impfaerosole zu sch√ºtzen. pfg, dan, ssi; Foto: Imago",Berlin,2020-11-18 04:45:10,Postillon
301,Vorbild Trump: L√∂w erkl√§rt Deutschland zum Sieger gegen Spanien,"Sevilla (dpo) - Ist die deutsche Nationalmannschaft das Opfer eines riesigen Betrugs geworden? Nach der 0:6-Niederlage in der Nations League gegen Spanien erhebt Bundestrainer Jogi L√∂w schwere Vorw√ºrfe: Die f√ºr die Spanier gewerteten Tore seien alle illegal. Deutsche Treffer seien dagegen gar nicht erst gepfiffen worden.""Wir haben dieses Spiel klar gewonnen, wenn man nur die legalen Tore z√§hlt"", wetterte L√∂w auf der Pressekonferenz nach der Partie. ""Das ist der gr√∂√üte Betrug in der Geschichte des Sports. Jeder, der im Stadion war, hat gesehen, dass wir die Spanier dominiert haben. Wir werden durch alle Instanzen klagen, um dieses skandal√∂se Fake-Ergebnis anzufechten.""
Dass zahlreiche Medien sofort nach Abpfiff vom 0:6 der Deutschen berichteten, bezeichnete der Bundestrainer als riesige Frechheit: ""Seit wann entscheiden irgendwelche Schmierbl√§tter, wer ein Fu√üballspiel gewonnen hat? Das macht immer noch die UEFA!"" 
L√∂w warf au√üerdem die Frage auf, warum kein Publikum zu dem Spiel zugelassen war. ""Was haben sie zu verbergen? Wenn es doch angeblich so fair war, warum durfte keiner zusehen?""
Bereits w√§hrend des Spiels hatte L√∂w an der Seitenlinie den Schiedsrichter immer wieder lautstark aufgefordert, aufzuh√∂ren, Tore f√ºr Spanien zu z√§hlen. ""H√§ltst du uns f√ºr dumm oder was?"", schrie er etwa nach dem 0:5 in der 71. Minute. ""Wir sind Weltmeister von 2014! Jeder wei√ü, dass wir gegen einen Haufen wie Spanien niemals f√ºnf Tore kassieren k√∂nnen."" Zudem st√∂rte er die Partie immer wieder mit Zwischenrufen wie ""Fake Schiri!"" und ""Stop the count!"".
Diskussionen √ºber seine eigene Zukunft wies L√∂w nach dem Schlusspfiff scharf zur√ºck. ""Was f√§llt Ihnen ein? Auch wenn die Fake News das noch nicht zugeben wollen: Ich habe gerade den Gruppensieg in der Nations League geholt. Deutschland war eine r√§udige Gurkentruppe, bis ich kam. Ich bin der beste Trainer der letzten 40 Jahre, vielleicht sogar aller Zeiten. Nat√ºrlich bleibe ich Bundestrainer. Es wird keinen Nachfolger geben.""
ssi, dan; Foto: picture alliance/augenklick/GES",Fu√üball,2020-11-18 02:42:47,Postillon
302,Newsticker (1575),"+++ Anweisung vom Tauer: Pilot soll Flugzeug enteisen lassen +++
+++ Pikten: Altes schottisches Volk hielt bereits H√ºhner +++
+++ C√¥te d'Azur: Franz√∂sische Mittelmeerk√ºste k√§mpft mit Schlumpfexkrementen +++
+++ √úberliefert: Fr√ºhere Pizzadienste hatten immer doppelte Portionen dabei +++
+++ Bitterfeld: Schokoladenverk√§ufer aus Sachsen-Anhalt hat nur Vollmilch +++
+++ Leaf: Mann musste defekten Nissan stehen lassen +++
+++ Die Ermittler stehen vor einem R√§tsel: Kunstdieb tauscht Gem√§lde gegen ungel√∂stes Sudoku aus +++
wso, s0l, hso/ca8/evw/mik/ber/stp, rag, ffr, loc/p2k, sumJetzt bestellen! Die besten Newsticker als Buch (nur 9,99‚Ç¨):¬†Postillon-Shop",Newsticker,2020-11-18 00:30:01,Postillon
303,"""Querlenker"": Neue Autofahrer-Bewegung weigert sich, Verkehrsregeln zu beachten","
Berlin (dpo) - Weg mit der Stra√üenverkehrsordnungs-Diktatur! Das ist die zentrale Forderung der neuen ""Querlenken""-Bewegung, deren Mitglieder sich weigern, die Regeln des Stra√üenverkehrs zu beachten. Am Samstag wollen sie erstmals mit einem Autokorso in Berlin demonstrieren. Die Beh√∂rden bef√ºrchten zahlreiche Verkehrsunf√§lle.In St√§dten wie Stuttgart, Frankfurt oder Dresden konnte man bereits einzelne Demonstrationen der Querlenker sehen. In Stuttgart etwa wurde vergangenes Wochenende dazu aufgerufen, an Stopp-Schildern nicht mehr anzuhalten und Ampeln abzus√§gen.
""Wir sind freie Autofahrer! Wir sind das Volk! Wir lassen uns nicht sagen, wann wir wo anzuhalten oder zu blinken haben!"", rief ein Redner unter gro√üem Beifall. ""Wisst ihr, wo es auch eine Stra√üenverkehrs-Ordnung gab? Im dritten Reich! Nie wieder Faschismus! Nie wieder Faschismus!""
Andere Redner zweifelten an, dass es ohne Regeln im Stra√üenverkehr tats√§chlich mehr Unf√§lle und Verkehrstote geben w√ºrde, wie von nahezu allen Verkehrswissenschaftlern behauptet.
""Das erste Problem ist doch schon mal, dass alle Unf√§lle gez√§hlt werden. Dabei ist noch gar nicht gesagt, dass jemand, der einen Unfall hat, auch direkt schwer verletzt wird oder stirbt"", erkl√§rte eine Frau, die sich als alternative KfZ-Mechanikerin ausgab. ""Und die n√§chste Frage ist ja: Sind Verkehrstote an oder mit Verkehrsunf√§llen gestorben? Was ist, wenn jemand im Auto einen Herzinfarkt hat und dann in einen Baum rast? Sehen Sie?""
Sind Unf√§lle wirklich so gef√§hrlich wie in den Medien dargestellt?
Weitere Querlenker gaben zu bedenken, dass ohnehin nur rund 3000 Menschen j√§hrlich auf deutschen Stra√üen sterben. ""Das sind deutlich weniger als alle Menschen, die im Haushalt t√∂dlich verungl√ºcken, und da gibt's auch keine Regeln!""
Au√üerdem seien viele Leute, die sterben, selbst schuld. ""Die m√ºssen halt besser auf sich aufpassen, wenn sie ins Auto steigen"", so ein weiterer Redner. ""Das sollte jeder eigenverantwortlich f√ºr sich entscheiden k√∂nnen, ob er sich an die Verkehrsregeln h√§lt oder nicht."" Schw√§chere Verkehrsteilnehmer wie Radfahrer oder Fu√üg√§nger sollten sich nach Ansicht der Querlenker besser selbst sch√ºtzen, indem sie sich ganz aus dem Stra√üenverkehr zur√ºckziehen. Einige Querlenker wie etwa der alternative Verkehrsexperte Herbert Schreiter leugnen die Gefahren des Stra√üenverkehrs v√∂llig. ""Ich bezweifle, dass es √ºberhaupt Verkehrstote gibt. Das ist doch eine Erfindung der L√ºgenpresse, um uns Angst zu machen. Ich habe noch nie einen Verkehrstoten gesehen. Und ich fahre schon seit Jahrzehnten Auto!"" 
Zahlreiche Transparente und Banner machten deutlich, wie gro√ü der Unmut unter den Querlenkern ist. Neben ""Andi Scheuer Verkehrsdiktator""-Plakaten waren auch etliche gelbe Sterne mit dem Wort ""Verkehrss√ºnder"" als Aufn√§her zu sehen. Weitere Parolen lauten ""Das wird man ja wohl noch hupen d√ºrfen"", ""Angela Merkel raus aus meinem Auto"" oder ""Freie Fahrt f√ºr freie Menschen"".
An einem Stand wurden zudem Atteste verteilt, die jeden Querlenker angeblich aus medizinischen Gr√ºnden von der Stra√üenverkehrsordnung befreien und bei Verkehrskontrollen zum Einsatz kommen sollen. 
Derzeit befindet sich die Bewegung im Aufschwung ‚Äì f√ºr die gro√ü angek√ºndigte Demo am Wochenende in Berlin erwarten die Querlenker nach eigenen Angaben f√ºnf Millionen Menschen. Und damit soll noch lange nicht Schluss sein.
Inzwischen haben zwei prominente Querlenker sogar eine eigene Bustour durch Deutschland gestartet, um die Bev√∂lkerung √ºber die angebliche Verkehrsdiktatur aufzukl√§ren. Weit kamen sie jedoch nicht, da der Bus nach 5 Kilometern an einer Unterf√ºhrung h√§ngenblieb. Der Fahrer - selbst √ºberzeugter Querlenker - hatte das Schild mit der zul√§ssigen Durchfahrtsh√∂he absichtlich missachtet.
dan, ssi; Fotos: ",Corona,2020-11-17 10:24:08,Postillon
304,"M√§nnerhosentasche trotz Schl√ºsselbund, Geldb√∂rse, Smartphone, Kopfh√∂rern, Bierdose, Billard-Queue und K√ºhlschrank immer noch nicht voll","
Hamburg (dpo) - Obwohl ein Mann aus Hamburg heute in seine linke Hosentasche bereits ein Schl√ºsselbund, eine Geldb√∂rse, ein Smartphone, Kopfh√∂rer, eine Bierdose, einen Billard-Queue sowie einen K√ºhlschrank gesteckt hat, ist immer noch ein wenig Platz √ºbrig.""Wenn ich mein Bein ein wenig drehe und alles ein bisschen zurechtrutsche, h√§tte ich theoretisch noch Platz f√ºr mindestens einen Campingstuhl, eine Regentonne und einen Renault Clio"", so Felix Rosenberg. ""Au√üerdem hab ich ja noch eine Hosentasche auf der anderen Seite. Da geht nochmal so viel rein.""
Solch ein Fassungsverm√∂gen ist laut Experten nichts besonderes: Berechnungen zufolge fasst eine durchschnittliche M√§nnerhosentasche rund 4000 Hektoliter ‚Äì eine Hose mit zwei Front- und zwei Ges√§√ütaschen kommt so ohne weiteres auf 12.000 bis 16.000 Hektoliter. 
In eine herk√∂mmliche Frauenhosentasche passt dagegen in der Regel maximal ein Centst√ºck oder eine B√ºroklammer.
tkr, dan, ssi; Foto: ",Mode,2020-11-17 08:32:36,Postillon
305,"Regierung beruhigt Impfgegner: ""Notfalls verteilen wir den Impfstoff per Chemtrails""","
Berlin (dpo) - Oft wurde es kritisiert, doch nun k√∂nnte es Leben retten: Die Bundesregierung hat angek√ºndigt, notfalls das staatliche Chemtrail-Programm zu nutzen, um einen Corona-Impfstoff zu verbreiten. Damit wolle man B√ºrgern entgegenkommen, f√ºr die eine herk√∂mmliche Impfung nicht in Frage kommt.""Wir haben verstanden, dass viele Menschen auf Totalverweigerung schalten, wenn es darum geht, sich impfen zu lassen"", erkl√§rte Gesundheitsminister Jens Spahn. ""Wenn wir aber eine Zwangsimpfung einf√ºhren, wird es schlimme Bilder geben von Protesten, von erzwungenen Injektionen. Das kann keiner wollen.""
Deshalb greife die Regierung lieber auf ihre seit Jahrzehnten bew√§hrte Chemtrail-Infrastruktur zur√ºck. ""Damit lassen sich minimalinvasiv hervorragende Ergebnisse erzielen"", so Spahn. ""Ganz ohne schmerzhaften Pieks.""
Tats√§chlich k√∂nnten schon ab Januar regelm√§√üige Chemtrail-Fl√ºge den Impfstoff in Form eines Aerosols √ºber dem gesamten Bundesgebiet ausbringen. B√ºrgern, die besonders gut gegen Corona gesch√ºtzt sein wollen, wird geraten, sich ins Freie zu begeben und mit offenem Mund nach oben zu schauen, wann immer sie ein Flugzeug mit den charakteristischen Streifen sehen.
""Kann sein, dass manche ein bisschen weniger und manche ein bisschen mehr abbekommen"", so Spahn. ""Aber nach einigen Monaten wird sich das gut durchmischt haben und die Herdenimmunit√§t erreicht sein."" 
Sobald die gesamte Bev√∂lkerung gegen Corona geimpft ist, soll die Chemtrail-Flotte der BRD GmbH dann wieder wie gewohnt Mittel verspr√ºhen, die dumm, unfruchtbar und homosexuell machen.jki, dan, ssi; Foto: ",Chemtrails,2020-11-16 08:15:32,Postillon
306,Nachbar von Laubbl√§ser-Besitzer hat pl√∂tzlich doppelt so viel Laub wie gestern,"Fulda (dpo) - Was hat es damit nur auf sich? Felix Westrich aus Fulda, der neben einem Laubbl√§ser-Besitzer wohnt, hat wieder einmal von einem Tag auf den anderen Unmengen an modrigen Bl√§ttern im eigenen Garten. ""Es ist wie verhext"", so der 36-J√§hrige beim Harken. ""Pl√∂tzlich ist bei mir locker doppelt so viel Laub auf dem Rasen. So viel B√§ume hab ich doch gar nicht."" 
Westrich blickt skeptisch in den Nachbargarten, wo kein einziges Blatt auf dem Boden zu sehen ist: ""Der Wind kann's ja kaum hergetragen haben, sonst w√ºrd's bei meinem Nachbarn genauso aussehen.""
Er legt eine kleine Pause ein und denkt nach. ""Schade, dass mein Nachbar und ich seit Jahren zerstritten sind, sonst k√∂nnt ich mir seinen Laubbl√§ser ausleihen und es irgendwohin pusten, wo es mich nicht mehr st√∂rt.""
fed, ssi, dan; Foto: ",Panorama,2020-11-16 07:40:39,Postillon
307,Um Lockdown-Ziele zu erreichen: Regierung verl√§ngert November um 20 Tage,"Berlin (dpo) - Es wird ein langer Monat werden: Bund und L√§nder haben heute eine Verl√§ngerung des Monats November um 20 Tage beschlossen. Mit der Ma√ünahme soll gew√§hrleistet werden, dass die Ziele des aktuellen Lockdowns erreicht werden.""Der ganze November-Lockdown dient ja dem Zweck, die Infektionszahlen vor Beginn der Weihnachtszeit wieder signifikant nach unten zu bringen"", erkl√§rte Bundeskanzlerin Angela Merkel. ""Zwar ist immerhin der Anstieg gebremst, doch nach etwa zwei Wochen m√ºssen wir leider feststellen, dass wir unser Ziel noch nicht ann√§hernd erreicht haben.""
Um Zeit zu gewinnen, soll daher der November um 20 Tage verl√§ngert werden. ""Andernfalls m√ºssten wir die Ma√ünahmen drastisch versch√§rfen"", so Merkel. ""Das wollen wir nicht. Wir sind optimistisch, dass sp√§testens am 50. November erste Lockerungen kommen k√∂nnen.""
Vorbild f√ºr die kalendarische Erweiterung sei der Monat Februar, bei dem es schon lange √ºblich ist, ihn je nach Bedarf alle paar Jahre um einen Tag zu verl√§ngern.
Um zu pr√ºfen, ob die 20-t√§gige Verl√§ngerung auch tats√§chlich ausreicht oder der Dezember noch weiter hinausgeschoben werden muss, wollen Bund und L√§nder am 39. November eine Halbzeitbilanz ziehen.
pfg, ssi, dan",Corona,2020-11-16 04:34:00,Postillon
308,Newsticker (1574),"+++ Glenn, f√ºr dich: Schotte schenkt seinem Kumpel einen Single-Malt ein +++
+++ Bipolar: Eisb√§r h√§lt sich oft f√ºr Pinguin +++
+++ Was Pisser geschah: Serie zeigt in R√ºckblende, wie Wildpinkler verpr√ºgelt wurde +++
+++ Hoher Zehwehwert: Jeep f√§hrt Frau √ºber Fu√ü  +++
+++ Kempten im Allg√§u: Teilnehmer an Frisier-Meisterschaft mussten in Zelt n√§chtigen +++
+++ War ma Bruder: M√∂nch nach Outing aus Kloster entlassen +++
+++ Stand kurz davor: Ungeduldiger Museumsbesucher h√§tte beinahe Sinn des Kunstwerks verstanden +++
evw/mik, mik, 23, wso, adl, kly/mik, sumJetzt bestellen! Die besten Newsticker als Buch (nur 9,99‚Ç¨):¬†Postillon-Shop",Newsticker,2020-11-16 00:30:00,Postillon
309,"9 Fehler, die fast jeder beim Masturbieren macht","
Masturbation ‚Äì neben dem Beschimpfen anderer Leute in sozialen Netzwerken wohl die beliebteste T√§tigkeit der Deutschen. Aber k√∂nnen Sie es √ºberhaupt? Oder machen auch Sie immer wieder diese neun klassischen Fehler, wenn Sie sich selbst befriedigen wollen? Finden Sie es heraus: 1. Vergessen, den Kiefer zu lockern
Anf√§ngerfehler Nr. 1! Wer seinen Kiefer nicht vorher gelockert hat, riskiert Kr√§mpfe oder gerissene Backensehnen. Vor jeder Masturbation also mindestens 20 mal den Kiefer im Uhrzeigersinn kreisen lassen. Danach: Richtungswechsel!2. Sich angezogene Leute vorstellen
So geht es ja nun nicht: Wer sich bei der Selbstbefriedigung nur angezogene Leute vorstellt, wird nicht weit kommen. Menschen mit einem Fetisch f√ºr angezogene Menschen sind hiervon ausdr√ºcklich ausgenommen. 3. Nicht genug Gurkenwasser verwenden
Wer zu wenig oder √ºberhaupt kein Gurkenwasser verwendet, muss sich anschlie√üend nicht wundern, wenn es einfach nicht klappen will. Wichtig f√ºr das richtige Hautgef√ºhl: Nur Gurkenwasser ab Dill-Faktor 15 verwenden.4. Versehentlich Keuschheitsg√ºrtel anlegen
Och n√∂! Da haben Sie gerade so richtig doll Lust bekommen und dann werden Sie von diesem dummen Metallding ausgebremst, das Sie sich soeben angelegt haben. Moment, wo ist denn nochmal der Schl√ºssel? Sie werden ihn doch nicht etwa herunterschlu‚Ä¶ Sie haben ihn heruntergeschluckt.5. Den Nachbarn nicht davor Bescheid geben 
""Guten Tag, heute Abend w√ºrde ich gerne wieder masturbieren. Sie werden davon wahrscheinlich gar nichts mitbekommen, aber ich wollte trotzdem, dass Sie Bescheid wissen."" Mit diesen simplen S√§tzen zeigen Sie, dass Sie ein guter Nachbar sind, der R√ºcksicht auf andere nimmt. Andernfalls droht Ihnen im schlimmsten Fall √Ñrger mit dem Ordnungsamt. 6. Sich selbst einen Orgasmus vort√§uschen
Erliegen Sie nie der Versuchung, sich selbst einen Orgasmus vorzut√§uschen. Es wird Sie zum einen beim n√§chsten Mal unn√∂tig unter Druck setzen, wieder einen Orgasmus zu erreichen ‚Äì oder vorzut√§uschen. Au√üerdem lernen Sie so nie, herauszufinden, was Ihnen wirklich gef√§llt.7. Die falsche Musik w√§hlen
Laut Experten ist die passende Hintergrundmusik einer der Hauptfaktoren f√ºr gelungene Selbstbefriedigung. Fehler f√ºhren hier schnell zu Frust. Als sichere Wahl haben sich der ""Radetzky-Marsch"" von Johann Strauss, das ""Dies Irae"" aus dem Requiem von Gy√∂rgy Ligeti oder auch bestimmte Volksmusik erwiesen. 8. Orgasmus 44 Jahre hinausz√∂gern
Klar, je l√§nger den Orgasmus hinausz√∂gert, desto intensiver wird er. Wer allerdings 44 Jahre auf den H√∂hepunkt zusteuert, verpasst nicht nur sehr viel vom Leben (Jugend, Karriere, Familie), sondern riskiert auch unsch√∂ne Hornhaut an Hand und Genitalien und kommt beim H√∂hepunkt mit gro√üer Wahrscheinlichkeit ums Leben.9. Einen Ratgeber dar√ºber lesen, anstatt einfach loszulegen
Masturbation sollte etwas Intuitives und Nat√ºrliches sein. Wer sich allzu lange theoretisch damit befasst, verdirbt sich nur selbst den Spa√ü. Moment‚Ä¶ Sie haben jetzt den ganzen Ratgeber bis hierhin gelesen? Ojeojeoje. Super abt√∂rnend! Das h√§tten Sie nicht machen sollen. Wer wei√ü, ob Sie jetzt je wieder k√∂nnen...ssi, dan; Fotos: ",Ratgeber,2020-11-15 06:58:19,Postillon
310,"Sonntagsfrage: Was sagen Sie dazu, dass Donald Trump seine Niederlage nicht akzeptiert?","
Wir befinden uns im Jahre 2020 n.Chr. Ganz Amerika stellt sich auf die Amtszeit von Joe Biden ein. Ganz Amerika? Nein! Ein unbeugsamer Egomane in Washington h√∂rt nicht auf, zu behaupten, er selbst habe gewonnen und die ganze Wahl sei Betrug. Kaufen Sie Donald Trump das ab? In dieser Woche m√∂chte der Putschillon (unterst√ºtzt durch Concession Control) von Ihnen wissen:   (Direktlink zur Umfrage)Was sagen Sie dazu, dass Donald Trump seine Niederlage nicht akzeptiert?  Und hier noch die unglaublich spannenden Ergebnisse
  der letzten Sonntagsfrage
  (Stimmen gesamt: 42.128):Was halten Sie davon, dass D√§nemark 17 Millionen Nerze keulen l√§sst?
    (Top-3-Antworten)  3. Schrecklicher Verdacht: Ist Massentierhaltung doch nicht so ein sympathisches Gesch√§ft, wie alle immer dachten? - 13,96% (5879 Stimmen)  2. Vielleicht sollte man zur Sicherheit auch gleich noch alle Nerztr√§ger keulen. - 20,4%
  (8595 Stimmen)1. Die armen Nerze! Jetzt werden sie umgebracht, bevor sie wegen ihres Fells umgebracht werden k√∂nnen. - 21,08% (8882
    Stimmen)Foto: ",Sonntagsfrage,2020-11-15 03:33:20,Postillon
311,Leserbriefe der Woche (KW 46/20),"Jede Woche erreichen die Postillon-Redaktion zahlreiche Leserbriefe. An dieser Stelle pr√§sentieren wir mehr oder weniger regelm√§√üig eine kleine
  Auswahl.Fanpost zu ""Krankenwagen werden mit Pflug ausgestattet, um Rettungsgasse freir√§umen zu k√∂nnen"":Feedback zu ""An Corona verstorbener Coronaleugner leugnet, tot zu sein"": Hahahahahahahaha! √Ñh, was?Feedback zu diesem Faktillon-Bild:Leserbriefe zu ""Linksextreme benennen sich in ""Querdenker"" um, damit sie keinen Stress mehr mit der Polizei bekommen"":Zum Gl√ºck sind Sie so neutral und liberal, dass Sie das durchschauen!Ja, postlion l√§sst wirklich stark nach. Hauptsache, Sie finden den Postillon noch gut!Reaktionen auf ""Querdenker entwickeln Impfstoff gegen Corona-Impfstoff"": Hack! Hack!Wir sind entlarvt! Bei Minderheiten (Querdenker, Nazis), die andere Minderheiten (Risikogruppen, Ausl√§nder) aus niederen Gr√ºnden (Egoismus, Rassismus) umbringen wollen, machen wir eine Ausnahme.
Fanpost zu ""Ist das die Wende? Trump gewinnt wichtigen Bundesstaat New Michivada, den er gerade erfunden hat"": Reaktionen auf """"Wenn ich es nicht haben kann, soll es keiner haben"" ‚Äì Trump setzt Wei√ües Haus in Brand"": üò¥Sie wissen aber schon, dass Trump die Forschung f√ºr einen Corona-Impfstoff mit der ""Operation Warp Speed"" mitvorangetrieben hat und nun w√ºtend ist, dass der fertige Impfstoff erst nach seiner Abwahl pr√§sentiert wurde?Feedback zu ""Falten, Babyspeck, lichtes Haar: Immer mehr Eltern unterziehen ihr Neugeborenes einer Sch√∂nheits-OP"":Au√üerdem waren da noch die Querdenker, die es f√ºr witzig halten, Postillon-Artikel ohne Erlaubnis zu kopieren und in ihren Telegram-Kan√§len zu teilen. Der Volksverpetzer hat das mal aufgeschrieben:
Dreist oder naiv? Querdenker fallen auf Postillon-Satire herein",Leserbriefe,2020-11-14 07:28:05,Postillon
312,Morgen in PamS: Statt krasser Orgien mit 500 Leuten ‚Äì M√ºssen wir Weihnachten diesmal zu Hause mit der engsten Familie feiern?,"Au√üerdem in dieser Ausgabe:Die besten legalen Steuertricks f√ºr Leute, die den Staat beschei√üen wollen, aber zu √§ngstlich sind, daf√ºr in den Knast zu gehen
  - Seite 27Brexit: Keine Sorge, die britische Regierung wei√ü genauso wenig dar√ºber wie Sie
  - Seite 39Gro√ües ausklappbares Faltposter ""Gulasch des Monats"" - Seite
  84Fotos: ",PamS,2020-11-14 03:39:57,Postillon
313,"Huhn fragt sich, ob zuerst Mutter oder Menschenbaby da war","
Wernigerode (dpo) - Es ist wohl eine der √§ltesten philosophischen Fragen der H√ºhnerheit, √ºber die Berta (3) aus einem Freilandh√ºhnerhof bei Wernigerode gerade gr√ºbelt. Was war zuerst da: die Mutter oder das Menschenbaby?
""Klar, man denkt erst mal, dass zuerst die Mutter da gewesen sein muss, weil aus ihr schl√ºpft ja das Kind"", so die Legehenne, w√§hrend sie nachdenklich nach W√ºrmern scharrt. ""Aber die Mutter war ja auch mal ein Kind und ist aus einer anderen Mutter geschl√ºpft. Nat√ºrlich k√∂nnte man jetzt denken, dass diese Mutter zuerst da war, aber sie selbst muss ja auch ein Kind gewesen sein! Gack!""
Tats√§chlich sind sich H√ºhnerphilosophen einig, dass es f√ºr das sogenannte ""Mutter-Menschenbaby-Problem"" keine konkrete Antwort geben kann. Vielmehr soll es aufzeigen, dass der urspr√ºngliche Ausl√∂ser einer Kausalkette, deren Ereignisse wechselseitig Ursache und Wirkung darstellen, nicht bestimmbar ist.
Schlie√ülich hat auch Berta genug davon und widmet sich lieber einer anderen existenziellen Frage: Wenn Gott wirklich gut ist, wieso hat er dann F√ºchse geschaffen?
fed, ssi, dan; Foto: ",Philosophie,2020-11-13 08:18:00,Postillon
